{"step": 59999, "test_returns_chkpt": 183.00500865464676, "test_returns": 185.18392766851684, "_timestamp": 1754112948.626409, "_runtime": 125468.79192399979, "_step": 52, "train_return": 1514.177001953125, "ep_return": -839.4151611328125, "min_return": -839.4151611328125, "best_min_return": -839.4151611328125, "actor/Max_L_im_gap": 0.5918466448783875, "actor/Min_L_im_gap": -0.0003910261148121208, "actor/SF_E_mean": 44.28251647949219, "actor/SF_pi_mean": 41.61302947998047, "actor/loss": 8.010833740234375, "critic/SF1_mean": -0.8910030722618103, "critic/SF1_norm": 5701.05419921875, "critic/SF2_mean": -0.8835025429725647, "critic/SF2_norm": 5704.400390625, "critic/SF_loss": 0.8796508312225342, "encoder/loss": 0.028595317155122757, "fdm/loss": 0.02256499044597149, "phi_max": 234.78550720214844, "phi_min": -247.2426300048828}