{"step": 59999, "test_returns_chkpt": 29.88561506224845, "test_returns": 28.21908931736591, "_timestamp": 1754112998.7766948, "_runtime": 125426.86746573448, "_step": 52, "train_return": 879.281494140625, "ep_return": -4706.712890625, "min_return": -4706.712890625, "best_min_return": -4706.712890625, "actor/Max_L_im_gap": 1.8216713666915894, "actor/Min_L_im_gap": -0.0011991033097729087, "actor/SF_E_mean": 52.11763000488281, "actor/SF_pi_mean": 33.303192138671875, "actor/loss": 24.962627410888672, "critic/SF1_mean": 2.7539355754852295, "critic/SF1_norm": 4951.6669921875, "critic/SF2_mean": 2.76133131980896, "critic/SF2_norm": 4954.48046875, "critic/SF_loss": 5.496151924133301, "encoder/loss": 0.03619369864463806, "fdm/loss": 0.06235484406352043, "phi_max": 213.52096557617188, "phi_min": -233.09107971191406}