{"step": 110999, "test_returns_chkpt": 185.28768204990746, "test_returns": 178.45421805297536, "_timestamp": 1754112955.7159379, "_runtime": 200044.41186594963, "_step": 89, "train_return": 2157.040771484375, "ep_return": -1425.612060546875, "min_return": -1425.612060546875, "best_min_return": -1313.504638671875, "actor/Max_L_im_gap": 1.0925084352493286, "actor/Min_L_im_gap": -0.001656683743931353, "actor/SF_E_mean": 42.598514556884766, "actor/SF_pi_mean": 30.09945297241211, "actor/loss": 16.486957550048828, "critic/SF1_mean": -2.7336599826812744, "critic/SF1_norm": 4023.6728515625, "critic/SF2_mean": -2.73101806640625, "critic/SF2_norm": 4023.91650390625, "critic/SF_loss": 2.6745662689208984, "encoder/loss": 0.02706170827150345, "fdm/loss": 0.05867156386375427, "phi_max": 202.76943969726562, "phi_min": -358.35638427734375}