{"step": 110999, "test_returns_chkpt": 94.03199997851468, "test_returns": 43.77060335398874, "_timestamp": 1754113197.1706476, "_runtime": 200328.06292772293, "_step": 99, "train_return": 792.5801391601562, "ep_return": -5780.5869140625, "min_return": -5780.5869140625, "best_min_return": -3315.107666015625, "actor/Max_L_im_gap": 1.2821824550628662, "actor/Min_L_im_gap": -0.000820836634375155, "actor/SF_E_mean": 50.39304733276367, "actor/SF_pi_mean": 31.523765563964844, "actor/loss": 29.186668395996094, "critic/SF1_mean": -2.9009881019592285, "critic/SF1_norm": 4647.4189453125, "critic/SF2_mean": -2.901677370071411, "critic/SF2_norm": 4646.70947265625, "critic/SF_loss": 5.664247512817383, "encoder/loss": 0.01614014431834221, "fdm/loss": 0.024667654186487198, "phi_max": 285.24786376953125, "phi_min": -303.400390625}