{"step": 264999, "test_returns_chkpt": 564.1196839315379, "test_returns": 598.3139004204036, "_timestamp": 1754123062.9359455, "_runtime": 210420.40698242188, "_step": 193, "train_return": 532.5440387801737, "ep_return": -787.07666015625, "min_return": -787.07666015625, "best_min_return": -456.165283203125, "actor/Max_L_im_gap": 0.09109783172607422, "actor/Min_L_im_gap": -0.00265334639698267, "actor/SF_E_mean": 37.54087448120117, "actor/SF_pi_mean": 36.04001235961914, "actor/loss": 1.4139771461486816, "critic/SF1_mean": -1.4041144847869873, "critic/SF1_norm": 4795.00244140625, "critic/SF2_mean": -1.4008888006210327, "critic/SF2_norm": 4797.03466796875, "critic/SF_loss": 1.9896979331970215, "encoder/loss": 0.013531407341361046, "fdm/loss": 0.050219710916280746, "phi_max": 317.896484375, "phi_min": -328.2320556640625}