{"step": 110999, "test_returns_chkpt": 137.8513525092389, "test_returns": 36.10519611339165, "_timestamp": 1754112964.9795954, "_runtime": 200025.44554138184, "_step": 91, "train_return": 2330.057861328125, "ep_return": -2681.524658203125, "min_return": -2681.524658203125, "best_min_return": -2200.29541015625, "actor/Max_L_im_gap": 1.8801602125167847, "actor/Min_L_im_gap": -0.014864279888570309, "actor/SF_E_mean": 46.88315200805664, "actor/SF_pi_mean": 28.869565963745117, "actor/loss": 24.12948226928711, "critic/SF1_mean": 3.3131275177001953, "critic/SF1_norm": 3969.972900390625, "critic/SF2_mean": 3.313479423522949, "critic/SF2_norm": 3976.38671875, "critic/SF_loss": 2.742863655090332, "encoder/loss": 0.02503073401749134, "fdm/loss": 0.07090087234973907, "phi_max": 187.4290313720703, "phi_min": -275.2723693847656}