{"step": 0, "test_returns_chkpt": 26.33680535372573, "test_returns": 23.38759627406044, "_timestamp": 1753911854.7836447, "_runtime": 17.388847589492798, "_step": 0, "_wandb": {"runtime": 120}}