{"step": 58999, "test_returns_chkpt": 31.818929897740723, "test_returns": 42.71741877304525, "_timestamp": 1754113016.8058116, "_runtime": 125490.59079170227, "_step": 51, "train_return": 487.7872619628906, "ep_return": -3694.48291015625, "min_return": -3694.48291015625, "best_min_return": -3694.48291015625, "actor/Max_L_im_gap": 2.6091127395629883, "actor/Min_L_im_gap": -0.008552866987884045, "actor/SF_E_mean": 50.73079299926758, "actor/SF_pi_mean": 25.385356903076172, "actor/loss": 34.48471450805664, "critic/SF1_mean": -0.942320704460144, "critic/SF1_norm": 3745.477783203125, "critic/SF2_mean": -0.9413765668869019, "critic/SF2_norm": 3735.498291015625, "critic/SF_loss": 5.189154148101807, "encoder/loss": 0.03361230343580246, "fdm/loss": 0.06227884441614151, "phi_max": 201.9288787841797, "phi_min": -206.8066864013672}