{"step": 59999, "test_returns_chkpt": 150.62613917000937, "test_returns": 222.2950321036223, "_timestamp": 1754112903.0786023, "_runtime": 125462.43843722343, "_step": 52, "train_return": 1530.7425537109375, "ep_return": -1017.070556640625, "min_return": -1017.070556640625, "best_min_return": -1017.070556640625, "actor/Max_L_im_gap": 0.7007203102111816, "actor/Min_L_im_gap": -0.0010513273300603032, "actor/SF_E_mean": 50.94100570678711, "actor/SF_pi_mean": 44.382904052734375, "actor/loss": 6.971626281738281, "critic/SF1_mean": 3.559330940246582, "critic/SF1_norm": 5937.20703125, "critic/SF2_mean": 3.5495243072509766, "critic/SF2_norm": 5943.876953125, "critic/SF_loss": 1.1867847442626953, "encoder/loss": 0.029569972306489944, "fdm/loss": 0.01729375496506691, "phi_max": 228.56304931640625, "phi_min": -193.98849487304688}