{"step": 59999, "test_returns_chkpt": 38.070429363317615, "test_returns": 28.4384200490505, "_timestamp": 1754112961.6065395, "_runtime": 125424.93041944504, "_step": 52, "train_return": 3582.042724609375, "ep_return": -3691.79736328125, "min_return": -3691.79736328125, "best_min_return": -3691.79736328125, "actor/Max_L_im_gap": 1.793641209602356, "actor/Min_L_im_gap": -0.0018497343407943845, "actor/SF_E_mean": 50.06454849243164, "actor/SF_pi_mean": 30.933225631713867, "actor/loss": 30.29869270324707, "critic/SF1_mean": -0.9507781863212585, "critic/SF1_norm": 4390.8671875, "critic/SF2_mean": -0.9497464299201965, "critic/SF2_norm": 4379.2685546875, "critic/SF_loss": 4.15458869934082, "encoder/loss": 0.03240466117858887, "fdm/loss": 0.04797198623418808, "phi_max": 190.79965209960938, "phi_min": -231.4212188720703}