{"step": 58999, "test_returns_chkpt": 3.478269566263358, "test_returns": 46.26626082582639, "_timestamp": 1754112721.1511562, "_runtime": 125243.99392414093, "_step": 51, "train_return": 1892.10791015625, "ep_return": -1789.26611328125, "min_return": -1789.26611328125, "best_min_return": -1789.26611328125, "actor/Max_L_im_gap": 0.8869168162345886, "actor/Min_L_im_gap": -0.00046410667710006237, "actor/SF_E_mean": 50.184078216552734, "actor/SF_pi_mean": 43.4871711730957, "actor/loss": 10.092141151428223, "critic/SF1_mean": 6.091948509216309, "critic/SF1_norm": 5697.26220703125, "critic/SF2_mean": 6.085904121398926, "critic/SF2_norm": 5690.32373046875, "critic/SF_loss": 1.5799747705459595, "encoder/loss": 0.024384982883930206, "fdm/loss": 0.012551402673125267, "phi_max": 205.46673583984375, "phi_min": -183.53338623046875}