{"step": 274999, "test_returns_chkpt": 592.3851682941597, "test_returns": 531.3189347547323, "_timestamp": 1754124920.1299849, "_runtime": 212943.65872192383, "_step": 207, "train_return": 549.368372314857, "ep_return": -1397.8682861328125, "min_return": -1397.8682861328125, "best_min_return": -446.71624755859375, "actor/Max_L_im_gap": 0.06834427267313004, "actor/Min_L_im_gap": -0.000697278359439224, "actor/SF_E_mean": 31.10697364807129, "actor/SF_pi_mean": 29.80241584777832, "actor/loss": 0.8360648155212402, "critic/SF1_mean": 0.7447451949119568, "critic/SF1_norm": 4132.4296875, "critic/SF2_mean": 0.7456268668174744, "critic/SF2_norm": 4130.3115234375, "critic/SF_loss": 1.2905408143997192, "encoder/loss": 0.009063047356903553, "fdm/loss": 0.049380362033843994, "phi_max": 557.391845703125, "phi_min": -448.9853515625, "_wandb": {"runtime": 212954}}