{"step": 259999, "test_returns_chkpt": 613.1640998535594, "test_returns": 503.6734396197604, "_timestamp": 1754122883.8454702, "_runtime": 210255.1721200943, "_step": 193, "train_return": 29.08727218325363, "ep_return": -4361.67333984375, "min_return": -4361.67333984375, "best_min_return": -370.56646728515625, "actor/Max_L_im_gap": 0.10376011580228806, "actor/Min_L_im_gap": -0.0014886045828461647, "actor/SF_E_mean": 38.171993255615234, "actor/SF_pi_mean": 37.65651321411133, "actor/loss": 0.932191014289856, "critic/SF1_mean": -2.2467684745788574, "critic/SF1_norm": 4985.03466796875, "critic/SF2_mean": -2.240185499191284, "critic/SF2_norm": 4990.8935546875, "critic/SF_loss": 1.5024986267089844, "encoder/loss": 0.01180428359657526, "fdm/loss": 0.052876316010951996, "phi_max": 231.2371368408203, "phi_min": -410.6329040527344}